model,quant_level,metric,count,mean,median,std
Gemma-3-4B-it,Q3_K_M,bertscore_f1_mean,91,0.76491496890226,0.7619801913437091,0.030427789010335406
Gemma-3-4B-it,Q4_K_M,bertscore_f1_mean,100,0.7798009573409432,0.7768298873775884,0.03532355441843968
Gemma-3-4B-it,Q5_K_M,bertscore_f1_mean,100,0.7879271319376098,0.7831733399315884,0.03899382782581604
Gemma-3-4B-it,Q6_K,bertscore_f1_mean,100,0.7889499286256338,0.7878504147655085,0.0327758526190661
Phi-4-mini-instruct,Q3_K_M,bertscore_f1_mean,100,0.6535506215236688,0.6553901739810643,0.0225834742913034
Phi-4-mini-instruct,Q4_K_M,bertscore_f1_mean,100,0.65320719175276,0.6503380880544061,0.024850443695416592
Phi-4-mini-instruct,Q5_K_M,bertscore_f1_mean,100,0.6557808643403458,0.6530172396647302,0.02636299369916757
Phi-4-mini-instruct,Q6_K,bertscore_f1_mean,100,0.6658268848267216,0.6625124264704554,0.025339626082067718
Qwen-MediCare-BD,Q3_K_M,bertscore_f1_mean,99,0.5654871791548775,0.5632861573445169,0.03573268267300214
Qwen-MediCare-BD,Q4_K_M,bertscore_f1_mean,100,0.6287406073446162,0.6249387144258147,0.03179535255503352
Qwen-MediCare-BD,Q5_K_M,bertscore_f1_mean,100,0.6350675644843202,0.6292682126164437,0.039415890662881196
Qwen-MediCare-BD,Q6_K,bertscore_f1_mean,100,0.6517946210064386,0.6428232141231236,0.0489204905230429
Gemma-3-4B-it,Q3_K_M,rougeL_f1_mean,91,0.44570897738572424,0.4350447267241239,0.07360637206243868
Gemma-3-4B-it,Q4_K_M,rougeL_f1_mean,100,0.48028043949133953,0.4703917706670674,0.07805982983377978
Gemma-3-4B-it,Q5_K_M,rougeL_f1_mean,100,0.5007781587307502,0.4863175063589579,0.08766499205273078
Gemma-3-4B-it,Q6_K,rougeL_f1_mean,100,0.5040999453539134,0.5027502553735911,0.07528041775423072
Phi-4-mini-instruct,Q3_K_M,rougeL_f1_mean,100,0.25347308802749763,0.25494713156979065,0.035974909259549465
Phi-4-mini-instruct,Q4_K_M,rougeL_f1_mean,100,0.24230102466201398,0.2328927355372748,0.039461622338783336
Phi-4-mini-instruct,Q5_K_M,rougeL_f1_mean,100,0.24209353817482696,0.23616620024256985,0.03864374148977062
Phi-4-mini-instruct,Q6_K,rougeL_f1_mean,100,0.25221068957005455,0.2438862889680026,0.040533652335060955
Qwen-MediCare-BD,Q3_K_M,rougeL_f1_mean,99,0.17382643698781589,0.1643427158538561,0.06349015020213077
Qwen-MediCare-BD,Q4_K_M,rougeL_f1_mean,100,0.21387640327773458,0.20497345082669538,0.04423591507150928
Qwen-MediCare-BD,Q5_K_M,rougeL_f1_mean,100,0.21951462994332563,0.20487946474203206,0.07771533345620238
Qwen-MediCare-BD,Q6_K,rougeL_f1_mean,100,0.24874697368057222,0.2302050649526951,0.09556587780778258
Gemma-3-4B-it,Q3_K_M,medcon_f1_mean,91,0.6505688955675447,0.6512206992892698,0.05214688103319735
Gemma-3-4B-it,Q4_K_M,medcon_f1_mean,100,0.6646529577657805,0.6596976608902003,0.0550755856673579
Gemma-3-4B-it,Q5_K_M,medcon_f1_mean,100,0.6816792858542244,0.6828720742719023,0.06401417871405117
Gemma-3-4B-it,Q6_K,medcon_f1_mean,100,0.6833876445541439,0.6814598755752861,0.052480306055779816
Phi-4-mini-instruct,Q3_K_M,medcon_f1_mean,100,0.4088474547922402,0.4047982858497251,0.08451021410160257
Phi-4-mini-instruct,Q4_K_M,medcon_f1_mean,100,0.4271557559141771,0.4246412160303916,0.08438601066639063
Phi-4-mini-instruct,Q5_K_M,medcon_f1_mean,100,0.43389112322338397,0.4345592404304805,0.07829229018572426
Phi-4-mini-instruct,Q6_K,medcon_f1_mean,100,0.4460922067926715,0.4476179268123802,0.07828096693324842
Qwen-MediCare-BD,Q3_K_M,medcon_f1_mean,99,0.29016373503795717,0.2579140516599139,0.11991655775356337
Qwen-MediCare-BD,Q4_K_M,medcon_f1_mean,100,0.33364618206303154,0.3243916224921547,0.06551248722468297
Qwen-MediCare-BD,Q5_K_M,medcon_f1_mean,100,0.32478956368321193,0.3122464406212734,0.08594545899764833
Qwen-MediCare-BD,Q6_K,medcon_f1_mean,100,0.3558140314208065,0.34672701943598827,0.09175976487724033
Gemma-3-4B-it,Q3_K_M,numeric_jaccard_mean,91,0.6452552700817594,0.63859649122807,0.25793764429120725
Gemma-3-4B-it,Q4_K_M,numeric_jaccard_mean,100,0.6378438368648895,0.6161769005847952,0.24368425260060664
Gemma-3-4B-it,Q5_K_M,numeric_jaccard_mean,100,0.6904310253586569,0.706578947368421,0.2643522324234352
Gemma-3-4B-it,Q6_K,numeric_jaccard_mean,100,0.696831468823574,0.7138157894736843,0.2381549280499625
Phi-4-mini-instruct,Q3_K_M,numeric_jaccard_mean,100,0.5964733082706767,0.5784649122807017,0.2585970292760134
Phi-4-mini-instruct,Q4_K_M,numeric_jaccard_mean,100,0.5735271929824561,0.6043859649122807,0.2634230775334368
Phi-4-mini-instruct,Q5_K_M,numeric_jaccard_mean,100,0.5267981968810916,0.5489912280701754,0.2593118801272526
Phi-4-mini-instruct,Q6_K,numeric_jaccard_mean,100,0.5364642230576441,0.5241697994987469,0.25239324482296627
Qwen-MediCare-BD,Q3_K_M,numeric_jaccard_mean,99,0.46295108513187133,0.4631578947368421,0.2733789575268193
Qwen-MediCare-BD,Q4_K_M,numeric_jaccard_mean,100,0.2468283507967589,0.1898581681476418,0.20642134175086838
Qwen-MediCare-BD,Q5_K_M,numeric_jaccard_mean,100,0.18398521575603613,0.1158649537596906,0.17601654575936057
Qwen-MediCare-BD,Q6_K,numeric_jaccard_mean,100,0.2324359273111513,0.17879537859801015,0.2064339598521762
Gemma-3-4B-it,Q3_K_M,nli_contradiction_max_mean,91,0.9282973320149691,0.9467391688941812,0.06927881501342141
Gemma-3-4B-it,Q4_K_M,nli_contradiction_max_mean,100,0.9045394448805688,0.9535691473825576,0.11785354210417745
Gemma-3-4B-it,Q5_K_M,nli_contradiction_max_mean,100,0.9281096051063098,0.9657571466883235,0.08974013893804454
Gemma-3-4B-it,Q6_K,nli_contradiction_max_mean,100,0.9313193507361669,0.9709216198643388,0.09010515756309159
Phi-4-mini-instruct,Q3_K_M,nli_contradiction_max_mean,100,0.4822619981394493,0.4873851984944747,0.17167362133157577
Phi-4-mini-instruct,Q4_K_M,nli_contradiction_max_mean,100,0.4774950397582351,0.48136064408341206,0.15919876120410803
Phi-4-mini-instruct,Q5_K_M,nli_contradiction_max_mean,100,0.5115956503633501,0.5384534781495189,0.15090866831754787
Phi-4-mini-instruct,Q6_K,nli_contradiction_max_mean,100,0.5150764334253695,0.5342687519539877,0.15728585381429014
Qwen-MediCare-BD,Q3_K_M,nli_contradiction_max_mean,99,0.6713203750758437,0.6774601036227077,0.14137234762547196
Qwen-MediCare-BD,Q4_K_M,nli_contradiction_max_mean,100,0.6349166500368871,0.6400501209292411,0.14433301012165986
Qwen-MediCare-BD,Q5_K_M,nli_contradiction_max_mean,100,0.5133667504593469,0.5256925142541699,0.15303037215468096
Qwen-MediCare-BD,Q6_K,nli_contradiction_max_mean,100,0.5642413025437468,0.5648231249004874,0.17154524105983124
Gemma-3-4B-it,Q3_K_M,nli_contradiction_mean_mean,91,0.18783840398395715,0.1787421829025578,0.0535849433960807
Gemma-3-4B-it,Q4_K_M,nli_contradiction_mean_mean,100,0.19996462379500152,0.19829129090783998,0.0660950294803724
Gemma-3-4B-it,Q5_K_M,nli_contradiction_mean_mean,100,0.2114200387284575,0.1975692303996335,0.07094222881067791
Gemma-3-4B-it,Q6_K,nli_contradiction_mean_mean,100,0.21139515191585512,0.20324315617068456,0.0716247354861738
Phi-4-mini-instruct,Q3_K_M,nli_contradiction_mean_mean,100,0.10598245799953561,0.0980140633832476,0.04811182628146467
Phi-4-mini-instruct,Q4_K_M,nli_contradiction_mean_mean,100,0.09244364125661444,0.08935879738540645,0.03705400812025112
Phi-4-mini-instruct,Q5_K_M,nli_contradiction_mean_mean,100,0.09858702857772796,0.1012563287515342,0.03463845438556199
Phi-4-mini-instruct,Q6_K,nli_contradiction_mean_mean,100,0.09961822898743945,0.1019193244080297,0.03588492556269342
Qwen-MediCare-BD,Q3_K_M,nli_contradiction_mean_mean,99,0.2237683226724238,0.2271785363333902,0.05198894618212756
Qwen-MediCare-BD,Q4_K_M,nli_contradiction_mean_mean,100,0.19841740222693796,0.1974642293959171,0.04594703886739093
Qwen-MediCare-BD,Q5_K_M,nli_contradiction_mean_mean,100,0.19219780852987944,0.19015262030062854,0.06236417657200801
Qwen-MediCare-BD,Q6_K,nli_contradiction_mean_mean,100,0.18602326965380558,0.18637081694828012,0.05234031827457275
Gemma-3-4B-it,Q3_K_M,nli_contradiction_q90_mean,91,0.6603526943368316,0.6810008447406314,0.15647159759796747
Gemma-3-4B-it,Q4_K_M,nli_contradiction_q90_mean,100,0.6701418020718358,0.7225321390676918,0.20467282848912602
Gemma-3-4B-it,Q5_K_M,nli_contradiction_q90_mean,100,0.7016048485569175,0.7355342516545152,0.184127809367694
Gemma-3-4B-it,Q6_K,nli_contradiction_q90_mean,100,0.7034624406458286,0.7527672222312464,0.19231310237279917
Phi-4-mini-instruct,Q3_K_M,nli_contradiction_q90_mean,100,0.2986634514593192,0.2771525176132127,0.13520817252425782
Phi-4-mini-instruct,Q4_K_M,nli_contradiction_q90_mean,100,0.26391881187882854,0.2533946776419219,0.1146711602712393
Phi-4-mini-instruct,Q5_K_M,nli_contradiction_q90_mean,100,0.28517109141084185,0.29922923545316493,0.10970278803332904
Phi-4-mini-instruct,Q6_K,nli_contradiction_q90_mean,100,0.29286418489314253,0.29131223632546366,0.11408583831123503
Qwen-MediCare-BD,Q3_K_M,nli_contradiction_q90_mean,99,0.5278375219113525,0.5300690464954108,0.11767464285254431
Qwen-MediCare-BD,Q4_K_M,nli_contradiction_q90_mean,100,0.4889014776398743,0.4913312218726982,0.12161564365539186
Qwen-MediCare-BD,Q5_K_M,nli_contradiction_q90_mean,100,0.40823554616788543,0.4202450537471569,0.12544856288846096
Qwen-MediCare-BD,Q6_K,nli_contradiction_q90_mean,100,0.4379226210732006,0.42265948945510146,0.13723126071931438
